<?xml version="1.0" encoding="UTF-8" standalone="yes"?>
<addon id="repository.targetin1080p" name="targetin1080p Repo" version="1.1.0001" provider-name="targetin1080p">
	<extension point="xbmc.addon.repository" name="Targetin1080p Repository">
		<info compressed="false">https://raw.githubusercontent.com/targetin1080p/targetin1080p/blob/master/zip/addons.xml</info>
		<checksum>https://raw.githubusercontent.com/targetin1080p/targetin1080p/blob/master/zip/addons.xml.md5</checksum>
		<datadir zip="true">https://raw.githubusercontent.com/targetin1080p/targetin1080p/tree/master/zip</datadir>
	</extension>
	<extension point="xbmc.addon.metadata">
		<summary>The Targetin1080p Repo</summary>
		<description>Download and install addons from Targetin1080p repo</description>
		<platform>all</platform>
	</extension>
</addon>

